/*! @file
@brief List of the contributors for the different versions of BigDFT

@page AUTHORS Contributors for the different version of BigDFT

<!-- This file is written in the MediaWiki syntax, to be published on
     http://bigdft.org -->
The BigDFT project was an European project (FP6-NEST) from 2005 to 2008.

Four institutions were implicated in the BigDFT project (version < 1.1):
<ul>
<li> Commissariat à l'Énergie Atomique (T. Deutsch), </li>
<li> University of Basel (S. Goedecker),</li>
<li> Université catholique de Louvain (X. Gonze), </li>
<li> Christian-Albrechts Universität zu Kiel (R. Schneider). </li>
</ul>

From 2010, three laboratories are contributing: L_Sim (CEA), UNIBAS and ESRF.<br/>
From 2012, L_Sim (CEA) and UNIBAS are the main contributors and Luigi Genovese is the lead programmer.


<h2> Contributors (v1.8) </h2>
<!-- Name              Initials  Email                         Institution -->
<ul>
<li> Damien Caliste          DC  Damien.Caliste@cea.fr         INAC, CEA-Grenoble, France </li>
<li> Thierry Deutsch         TD  Thierry.Deutsch@cea.fr        INAC, CEA-Grenoble, France </li>
<li> Ivan Duchemin           ID  Ivan.Duchemin@cea.fr          INAC, CEA-Grenoble, France </li>
<li> Luigi Genovese          LG  Luigi.Genovese@esrf.fr        INAC, CEA-Grenoble, France </li>
<li> Stefan Goedecker        SG  Stefan.Goedecker@unibas.ch    Basel Universität, Switzerland </li>
<li> Stephan Mohr            SM  Stephan.Mohr@unibas.ch        Basel Universität, Switzerland </li>
<li> Pascal Pochet           PP  Pascal.Pochet@cea.fr          INAC, CEA-Grenoble, France </li>
<li> Laura Ratcliff          LR  Laura.Ratcliff@cea.fr         INAC, CEA-Grenoble, France </li>
<li> Bastian Schaefer        BS  bastian.schaefer@unibas.ch    Basel Universität, Switzerland </li>
<li> Brice Videau            BV  Brice.Videau@imag.fr          IMAG, Grenoble, France </li>
</ul>


<h2> Contributors (v1.7) </h2>
<!-- Name              Initials  Email                         Institution -->
<ul>
<li> Max Amsler              MA  m.amsler@unibas.ch            Basel Universität, Switzerland </li>
<li> Frédéric Bonnet         FB  Frederic.Bonnet@cea.fr        INAC, CEA-Grenoble, France </li>
<li> Paul Boulanger          PB  Paul.Boulanger@cea.fr         INAC, CEA-Grenoble, France </li>
<li> Damien Caliste          DC  Damien.Caliste@cea.fr         INAC, CEA-Grenoble, France </li>
<li> Sandip De               SD  sandip.de@unibas.ch           Basel Universität, Switzerland </li>
<li> Quentin Debray          QD  Quentin.Debray@cea.fr         INAC, CEA-Grenoble, France </li>
<li> Thierry Deutsch         TD  Thierry.Deutsch@cea.fr        INAC, CEA-Grenoble, France </li>
<li> Ivan Duchemin           ID  Ivan.Duchemin@cea.fr          INAC, CEA-Grenoble, France </li>
<li> Nazim Dugan             ND  nazim.dugan@unibas.ch         Basel Universität, Switzerland </li>
<li> Luigi Genovese          LG  Luigi.Genovese@esrf.fr        INAC, CEA-Grenoble, France </li>
<li> Stefan Goedecker        SG  Stefan.Goedecker@unibas.ch    Basel Universität, Switzerland </li>
<li> Frédéric Lançon         FL  Frederic.Lancon@@cea.fr       INAC, CEA-Grenoble, France </li>
<li> Eduardo Machado-Charry  EM  Eduardo.Machado-charry@cea.fr INAC, CEA-Grenoble, France </li>
<li> Alessandro Mirone       AM  Alessandro.Mirone@esrf.fr     ESRF, Grenoble, France </li>
<li> Stephan Mohr            SM  Stephan.Mohr@unibas.ch        Basel Universität, Switzerland </li>
<li> Normand Mousseau        NM  Normand.Mousseau@umontreal.ca University of Montreal, Canada </li>
<li> Pascal Pochet           PP  Pascal.Pochet@cea.fr          INAC, CEA-Grenoble, France </li>
<li> Laura Ratcliff          LR  Laura.Ratcliff@cea.fr         INAC, CEA-Grenoble, France </li>
<li> Ali Sadeghi             AS  ali.sadeghi@unibas.ch         Basel Universität, Switzerland </li>
<li> Bastian Schaefer        BS  bastian.schaefer@unibas.ch    Basel Universität, Switzerland </li>
<li> Huan Tran               HT  huan.tran@unibas.ch           Basel Universität, Switzerland </li>
<li> Brice Videau            BV  Brice.Videau@imag.fr          IMAG, Grenoble, France </li>
<li> Alexander Willand       AW  A.Willand@unibas.ch           Basel Universität, Switzerland </li>
</ul>


<h2> Contributors (v1.6) </h2>
<!-- Name              Initials  Email                         Institution -->
<ul>
<li> Max Amsler              MA  m.amsler@unibas.ch            Basel Universität, Switzerland </li>
<li> Paul Boulanger          PB  Paul.Boulanger@cea.fr         INAC, CEA-Grenoble, France </li>
<li> Damien Caliste          DC  damien.caliste@cea.fr         INAC, CEA-Grenoble, France </li>
<li> Sandip De               SD  sandip.de@unibas.ch           Basel Universität, Switzerland </li>
<li> Thierry Deutsch         TD  Thierry.Deutsch@cea.fr        INAC, CEA-Grenoble, France </li>
<li> Ivan Duchemin           ID  Ivan.Duchemin@cea.fr          INAC, CEA-Grenoble, France </li>
<li> Nazim Dugan             ND  nazim.dugan@unibas.ch         Basel Universität, Switzerland </li>
<li> Luigi Genovese          LG  Luigi.Genovese@esrf.fr        INAC, CEA-Grenoble, France </li>
<li> Seyed Alireza Ghasemi   AG  alirezagh76@gmail.com         Basel Universität, Switzerland </li>
<li> Stefan Goedecker        SG  Stefan.Goedecker@unibas.ch    Basel Universität, Switzerland </li>
<li> Eduardo Machado-Charry  EM  Eduardo.Machado-charry@cea.fr INAC, CEA-Grenoble, France </li>
<li> Alessandro Mirone       AM  Alessandro.Mirone@esrf.fr     ESRF, Grenoble, France </li>
<li> Stephan Mohr            SM  Stephan.Mohr@unibas.ch        Basel Universität, Switzerland </li>
<li> Maxime Morinière        MM  maxime.moriniere@hotmail.fr </li>
<li> Normand Mousseau        NM  Normand.Mousseau@umontreal.ca University of Montreal, Canada </li>
<li> Bhaarathi Natarajan     BN  Bhaarathi.Natarajan@cea.fr    INAC, CEA-Grenoble, France </li>
<li> Ali Sadeghi             AS  ali.sadeghi@unibas.ch         Basel Universität, Switzerland </li>
<li> Huan Tran               HT  huan.tran@unibas.ch           Basel Universität, Switzerland </li>
<li> Brice Videau            BV  Brice.Videau@cea.fr           INAC, CEA-Grenoble, France </li>
<li> Alexander Willand       AW  A.Willand@unibas.ch           Basel Universität, Switzerland </li>
</ul>

<h2> Contributors (v1.5) </h2>
<!-- Name              Initials  Email                         Institution -->
<ul>
<li> Max Amsler              MA  m.amsler@unibas.ch            Basel Universität, Switzerland </li>
<li> Eric Bainville          EB  eric.bainville@bealto.com     Bealto, Italy </li>
<li> Damien Caliste          DC  damien.caliste@cea.fr         INAC, CEA-Grenoble, France </li>
<li> Thierry Deutsch         TD  Thierry.Deutsch@cea.fr        INAC, CEA-Grenoble, France </li>
<li> Ivan Duchemin           ID  Ivan.Duchemin@cea.fr          INAC, CEA-Grenoble, France </li>
<li> Luigi Genovese          LG  Luigi.Genovese@esrf.fr        INAC, CEA-Grenoble, France </li>
<li> Seyed Alireza Ghasemi   AG  alirezagh76@gmail.com         Basel Universität, Switzerland </li>
<li> Stefan Goedecker        SG  Stefan.Goedecker@unibas.ch    Basel Universität, Switzerland </li>
<li> Eduardo Machado-Charry  EM  Eduardo.Machado-charry@cea.fr INAC, CEA-Grenoble, France </li>
<li> Alessandro Mirone       AM  Alessandro.Mirone@esrf.fr     ESRF, Grenoble, France </li>
<li> Stephan Mohr            SM  Stephan.Mohr@unibas.ch        Basel Universität, Switzerland </li>
<li> Normand Mousseau        NM  Normand.Mousseau@umontreal.ca University of Montreal, Canada </li>
<li> Bhaarathi Natarajan     BN  Bhaarathi.Natarajan@cea.fr    INAC, CEA-Grenoble, France </li>
<li> Matthieu Ospici         MO  Matthieu.Ospici@imag.fr       Bull, IMAG, CEA, France </li>
<li> Brice Videau            BV  Brice.Videau@cea.fr           INAC, CEA-Grenoble, France </li>
<li> Alexander Willand       AW  A.Willand@unibas.ch           Basel Universität, Switzerland </li>
</ul>

<h2> Contributors (v1.4) </h2>
<!-- Name              Initials  Email                         Institution -->
<ul>
<li> Max Amsler              MA  M.Amsler@unibas.ch            Basel Universität, Switzerland </li>
<li> Damien Caliste          DC  Damien.Caliste@cea.fr         INAC, CEA-Grenoble, France </li>
<li> Thierry Deutsch         TD  Thierry.Deutsch@cea.fr        INAC, CEA-Grenoble, France </li>
<li> Luigi Genovese          LG  Luigi.Genovese@esrf.fr        ESRF, Grenoble, France </li>
<li> Seyed Alireza Ghasemi   AG  alirezagh76@gmail.com         Basel Universität, Switzerland </li>
<li> Stefan Goedecker        SG  Stefan.Goedecker@unibas.ch    Basel Universität, Switzerland </li>
<li> Eduardo Machado-Charry  EM  Eduardo.Machado-charry@cea.fr INAC, CEA-Grenoble, France </li>
<li> Alessandro Mirone       AM  Alessandro.Mirone@esrf.fr     ESRF, Grenoble, France </li>
<li> Stephan Mohr            SM  Stephan.Mohr@unibas.ch        Basel Universität, Switzerland </li>
<li> Normand Mousseau        NM  Normand.Mousseau@umontreal.ca University of Montreal, Canada </li>
<li> Bhaarathi Natarajan     BN  Bhaarathi.Natarajan@ujf-grenoble.fr INAC, CEA-Grenoble, France </li>
<li> Matthieu Ospici         MO  Matthieu.Ospici@imag.fr       Bull, IMAG, CEA, France </li>
<li> Brice Videau            BV  Brice.Videau@cea.fr           INAC, CEA-Grenoble, France </li>
<li> Alexander Willand       AW  A.Willand@unibas.ch           Basel Universität, Switzerland </li>
</ul>

<h2> Contributors (v1.3) </h2>
<!-- Name              Initials  Email                         Institution -->
<ul>
<li> Damien Caliste          DC  Damien.Caliste@cea.fr         INAC, CEA-Grenoble, France </li>
<li> Thierry Deutsch         TD  Thierry.Deutsch@cea.fr        INAC, CEA-Grenoble, France </li>
<li> Luigi Genovese          LG  Luigi.Genovese@esrf.fr        ESRF, Grenoble, France </li>
<li> Alireza Ghasemi         AG  alirezagh76@gmail.com         Basel Universität, Switzerland </li>
<li> Stefan Goedecker        SG  Stefan.Goedecker@unibas.ch    Basel Universität, Switzerland </li>
<li> Quintin Hill            QH  Quintin.Hill@soton.ac.uk      University of Southampton, United-Kingdom </li>
<li> Alessandro Mirone       AM  Alessandro.Mirone@esrf.fr     ESRF, Grenoble, France </li>
<li> Alexey Neelov           AN  Alexey.Neelov@unibas.ch       Basel Universität, Switzerland </li>
<li> Matthieu Ospici         MO  Matthieu.Ospici@imag.fr       Bull, IMAG, CEA, France </li>
<li> Carlo Sbraccia          CS </li>
</ul>

<h2> Contributors (v1.2) </h2>
<!-- Name              Initials  Email                         Institution -->
<ul>
<li> Damien Caliste          DC  damien.caliste@cea.fr         INAC, CEA-Grenoble, France </li>
<li> Thierry Deutsch         TD  Thierry.Deutsch@cea.fr        INAC, CEA-Grenoble, France </li>
<li> Luigi Genovese          LG  Luigi.Genovese@gmail.com      ESRF, Grenoble, France </li>
<li> Alexey Neelov           AN  alexey.neelov@unibas.ch       Basel Universität, Switzerland </li>
<li> Matthieu Ospici         MO  Matthieu.Ospici@imag.fr       Bull, IMAG, CEA, France </li>
</ul>

<h2> Contributors (v1.1) </h2>
<!-- Name              Initials  Email                         Institution -->
<ul>
<li> Anders Bergman          AB  Anders.Bergman@cea.fr         INAC, CEA-Grenoble, France </li>
<li> Damien Caliste          DC  damien.caliste@cea.fr         INAC, CEA-Grenoble, France </li>
<li> Thierry Deutsch         TD  Thierry.Deutsch@cea.fr        INAC, CEA-Grenoble, France </li>
<li> Alireza Ghasemi         AG  alirezagh76@gmail.com         Basel Universität, Switzerland </li>
<li> Luigi Genovese          LG  Luigi.Genovese@gmail.com      ESRF, Grenoble, France </li>
<li> Stefan Goedecker        SG  Stefan.Goedecker@unibas.ch    Basel Universität, Switzerland </li>
<li> Alexey Neelov           AN  alexey.neelov@unibas.ch       Basel Universität, Switzerland </li>
<li> Matthieu Ospici         MO  Matthieu.Ospici@free.fr       Bull, IMAG, CEA, France </li>
<li> Alexander Willand       AW  A.Willand@unibas.ch           Basel Universität, Switzerland </li>
</ul>

<h2> Contributors (v1.0) </h2>
<!-- Name               Initials  Email                         Institution -->
<ul>
<li> Pierre-Matthieu Anglade PMA  anglade@gmail.com            Université de Caen, France </li>
<li> Anders Bergman           AB  Anders.Bergman@cea.fr        INAC, CEA-Grenoble, France </li>
<li> Damien Caliste           DC  damien.caliste@cea.fr        INAC, CEA-Grenoble, France </li>
<li> Thierry Deutsch          TD  Thierry.Deutsch@cea.fr       INAC, CEA-Grenoble, France </li>
<li> Fritz Krüger             FK  fkr@numerik.uni-kiel.de      Kiel Universität, Germany </li>
<li> Alireza Ghasemi          AG  alirezagh76@gmail.com        Basel Universität, Switzerland </li>
<li> Luigi Genovese           LG  Luigi.Genovese@gmail.com     ESRF, Grenoble, France </li>
<li> Stefan Goedecker         SG  Stefan.Goedecker@unibas.ch   Basel Universität, Switzerland </li>
<li> Xavier Gonze             XG  gonze@pcpm.ucl.ac.be         Université Catholique de Louvain, Belgium </li>
<li> Alexey Neelov            AN  alexey.neelov@unibas.ch      Basel Universität, Switzerland </li>
<li> Jaroslav Piwonski        JP  jpi@numerik.uni-kiel.de      Kiel Universität, Germany </li>
<li> Mark Rayson              MR  Mark.Rayson@unibas.ch        Basel Universität, Switzerland </li>
<li> Reinhold Schneider       RS  schneidr@silica.math.TU-Berlin.de TU Berlin, Germany </li>
<li> Oded Zilberberg          OZ </li>
</ul>

*/
